PassengerId,Survived,Pclass,Sex,Age,Ssibsp,Parch,Fare,Embarked,Class,Who,Adult_male,Deck,Embark_town,Alive,Alone
1,0,3,male,22.0,1,0,7.25,S,Third,man,True,,Southampton,no,False
2,1,1,female,38.0,1,0,71.2833,C,First,woman,False,C,Cherbourg,yes,False
3,1,3,female,26.0,0,0,7.925,S,Third,woman,False,,Southampton,yes,True
4,1,1,female,35.0,1,0,53.1,S,First,woman,False,C,Southampton,yes,False
5,0,3,male,35.0,0,0,8.05,S,Third,man,True,,Southampton,no,True
6,0,3,male,,0,0,8.4583,Q,Third,man,True,,Queenstown,no,True
7,0,1,male,54.0,0,0,51.8625,S,First,man,True,E,Southampton,no,True
8,0,3,male,2.0,3,1,21.075,S,Third,child,False,,Southampton,no,False
9,1,3,female,27.0,0,2,11.1333,S,Third,woman,False,,Southampton,yes,False
10,1,2,female,14.0,1,0,30.0708,C,Second,child,False,,Cherbourg,yes,False
11,1,3,female,4.0,1,1,16.7,S,Third,child,False,G,Southampton,yes,False
12,1,1,female,58.0,0,0,26.55,S,First,woman,False,C,Southampton,yes,True
13,0,3,male,20.0,0,0,8.05,S,Third,man,True,,Southampton,no,True
14,0,3,male,39.0,1,5,31.275,S,Third,man,True,,Southampton,no,False
15,0,3,female,14.0,0,0,7.8542,S,Third,child,False,,Southampton,no,True
16,1,2,female,55.0,0,0,16.0,S,Second,woman,False,,Southampton,yes,True
17,0,3,male,2.0,4,1,29.125,Q,Third,child,False,,Queenstown,no,False
18,1,2,male,,0,0,13.0,S,Second,man,True,,Southampton,yes,True
19,0,3,female,31.0,1,0,18.0,S,Third,woman,False,,Southampton,no,False
20,1,3,female,,0,0,7.225,C,Third,woman,False,,Cherbourg,yes,True
21,0,2,male,35.0,0,0,26.0,S,Second,man,True,,Southampton,no,True
22,1,2,male,34.0,0,0,13.0,S,Second,man,True,D,Southampton,yes,True
23,1,3,female,15.0,0,0,8.0292,Q,Third,child,False,,Queenstown,yes,True
24,1,1,male,28.0,0,0,35.5,S,First,man,True,A,Southampton,yes,True
25,0,3,female,8.0,3,1,21.075,S,Third,child,False,,Southampton,no,False
26,1,3,female,38.0,1,5,31.3875,S,Third,woman,False,,Southampton,yes,False
27,0,3,male,,0,0,7.225,C,Third,man,True,,Cherbourg,no,True
28,0,1,male,19.0,3,2,263.0,S,First,man,True,C,Southampton,no,False
29,1,3,female,,0,0,7.8792,Q,Third,woman,False,,Queenstown,yes,True
30,0,3,male,,0,0,7.8958,S,Third,man,True,,Southampton,no,True
31,0,1,male,40.0,0,0,27.7208,C,First,man,True,,Cherbourg,no,True
32,1,1,female,,1,0,146.5208,C,First,woman,False,B,Cherbourg,yes,False
33,1,3,female,,0,0,7.75,Q,Third,woman,False,,Queenstown,yes,True
34,0,2,male,66.0,0,0,10.5,S,Second,man,True,,Southampton,no,True
35,0,1,male,28.0,1,0,82.1708,C,First,man,True,,Cherbourg,no,False
36,0,1,male,42.0,1,0,52.0,S,First,man,True,,Southampton,no,False
37,1,3,male,,0,0,7.2292,C,Third,man,True,,Cherbourg,yes,True
38,0,3,male,21.0,0,0,8.05,S,Third,man,True,,Southampton,no,True
39,0,3,female,18.0,2,0,18.0,S,Third,woman,False,,Southampton,no,False
40,1,3,female,14.0,1,0,11.2417,C,Third,child,False,,Cherbourg,yes,False
41,0,3,female,40.0,1,0,9.475,S,Third,woman,False,,Southampton,no,False
42,0,2,female,27.0,1,0,21.0,S,Second,woman,False,,Southampton,no,False
43,0,3,male,,0,0,7.8958,C,Third,man,True,,Cherbourg,no,True
44,1,2,female,3.0,1,2,41.5792,C,Second,child,False,,Cherbourg,yes,False
45,1,3,female,19.0,0,0,7.8792,Q,Third,woman,False,,Queenstown,yes,True
46,0,3,male,,0,0,8.05,S,Third,man,True,,Southampton,no,True
47,0,3,male,,1,0,15.5,Q,Third,man,True,,Queenstown,no,False
48,1,3,female,,0,0,7.75,Q,Third,woman,False,,Queenstown,yes,True
49,0,3,male,,2,0,21.6792,C,Third,man,True,,Cherbourg,no,False
50,0,3,female,18.0,1,0,17.8,S,Third,woman,False,,Southampton,no,False
51,0,3,male,7.0,4,1,39.6875,S,Third,child,False,,Southampton,no,False
52,0,3,male,21.0,0,0,7.8,S,Third,man,True,,Southampton,no,True
53,1,1,female,49.0,1,0,76.7292,C,First,woman,False,D,Cherbourg,yes,False
54,1,2,female,29.0,1,0,26.0,S,Second,woman,False,,Southampton,yes,False
55,0,1,male,65.0,0,1,61.9792,C,First,man,True,B,Cherbourg,no,False
56,1,1,male,,0,0,35.5,S,First,man,True,C,Southampton,yes,True
57,1,2,female,21.0,0,0,10.5,S,Second,woman,False,,Southampton,yes,True
58,0,3,male,28.5,0,0,7.2292,C,Third,man,True,,Cherbourg,no,True
59,1,2,female,5.0,1,2,27.75,S,Second,child,False,,Southampton,yes,False
60,0,3,male,11.0,5,2,46.9,S,Third,child,False,,Southampton,no,False
61,0,3,male,22.0,0,0,7.2292,C,Third,man,True,,Cherbourg,no,True
62,1,1,female,38.0,0,0,80.0,,First,woman,False,B,,yes,True
63,0,1,male,45.0,1,0,83.475,S,First,man,True,C,Southampton,no,False
64,0,3,male,4.0,3,2,27.9,S,Third,child,False,,Southampton,no,False
65,0,1,male,,0,0,27.7208,C,First,man,True,,Cherbourg,no,True
66,1,3,male,,1,1,15.2458,C,Third,man,True,,Cherbourg,yes,False
67,1,2,female,29.0,0,0,10.5,S,Second,woman,False,F,Southampton,yes,True
68,0,3,male,19.0,0,0,8.1583,S,Third,man,True,,Southampton,no,True
69,1,3,female,17.0,4,2,7.925,S,Third,woman,False,,Southampton,yes,False
70,0,3,male,26.0,2,0,8.6625,S,Third,man,True,,Southampton,no,False
71,0,2,male,32.0,0,0,10.5,S,Second,man,True,,Southampton,no,True
72,0,3,female,16.0,5,2,46.9,S,Third,woman,False,,Southampton,no,False
73,0,2,male,21.0,0,0,73.5,S,Second,man,True,,Southampton,no,True
74,0,3,male,26.0,1,0,14.4542,C,Third,man,True,,Cherbourg,no,False
75,1,3,male,32.0,0,0,56.4958,S,Third,man,True,,Southampton,yes,True
76,0,3,male,25.0,0,0,7.65,S,Third,man,True,F,Southampton,no,True
77,0,3,male,,0,0,7.8958,S,Third,man,True,,Southampton,no,True
78,0,3,male,,0,0,8.05,S,Third,man,True,,Southampton,no,True
79,1,2,male,0.83,0,2,29.0,S,Second,child,False,,Southampton,yes,False
80,1,3,female,30.0,0,0,12.475,S,Third,woman,False,,Southampton,yes,True
81,0,3,male,22.0,0,0,9.0,S,Third,man,True,,Southampton,no,True
82,1,3,male,29.0,0,0,9.5,S,Third,man,True,,Southampton,yes,True
83,1,3,female,,0,0,7.7875,Q,Third,woman,False,,Queenstown,yes,True
84,0,1,male,28.0,0,0,47.1,S,First,man,True,,Southampton,no,True
85,1,2,female,17.0,0,0,10.5,S,Second,woman,False,,Southampton,yes,True
86,1,3,female,33.0,3,0,15.85,S,Third,woman,False,,Southampton,yes,False
87,0,3,male,16.0,1,3,34.375,S,Third,man,True,,Southampton,no,False
88,0,3,male,,0,0,8.05,S,Third,man,True,,Southampton,no,True
89,1,1,female,23.0,3,2,263.0,S,First,woman,False,C,Southampton,yes,False
90,0,3,male,24.0,0,0,8.05,S,Third,man,True,,Southampton,no,True
91,0,3,male,29.0,0,0,8.05,S,Third,man,True,,Southampton,no,True
92,0,3,male,20.0,0,0,7.8542,S,Third,man,True,,Southampton,no,True
93,0,1,male,46.0,1,0,61.175,S,First,man,True,E,Southampton,no,False
94,0,3,male,26.0,1,2,20.575,S,Third,man,True,,Southampton,no,False
95,0,3,male,59.0,0,0,7.25,S,Third,man,True,,Southampton,no,True
96,0,3,male,,0,0,8.05,S,Third,man,True,,Southampton,no,True
97,0,1,male,71.0,0,0,34.6542,C,First,man,True,A,Cherbourg,no,True
98,1,1,male,23.0,0,1,63.3583,C,First,man,True,D,Cherbourg,yes,False
99,1,2,female,34.0,0,1,23.0,S,Second,woman,False,,Southampton,yes,False
100,0,2,male,34.0,1,0,26.0,S,Second,man,True,,Southampton,no,False
101,0,3,female,28.0,0,0,7.8958,S,Third,woman,False,,Southampton,no,True
102,0,3,male,,0,0,7.8958,S,Third,man,True,,Southampton,no,True
103,0,1,male,21.0,0,1,77.2875,S,First,man,True,D,Southampton,no,False
104,0,3,male,33.0,0,0,8.6542,S,Third,man,True,,Southampton,no,True
105,0,3,male,37.0,2,0,7.925,S,Third,man,True,,Southampton,no,False
106,0,3,male,28.0,0,0,7.8958,S,Third,man,True,,Southampton,no,True
107,1,3,female,21.0,0,0,7.65,S,Third,woman,False,,Southampton,yes,True
108,1,3,male,,0,0,7.775,S,Third,man,True,,Southampton,yes,True
109,0,3,male,38.0,0,0,7.8958,S,Third,man,True,,Southampton,no,True
110,1,3,female,,1,0,24.15,Q,Third,woman,False,,Queenstown,yes,False
111,0,1,male,47.0,0,0,52.0,S,First,man,True,C,Southampton,no,True
112,0,3,female,14.5,1,0,14.4542,C,Third,child,False,,Cherbourg,no,False
113,0,3,male,22.0,0,0,8.05,S,Third,man,True,,Southampton,no,True
114,0,3,female,20.0,1,0,9.825,S,Third,woman,False,,Southampton,no,False
115,0,3,female,17.0,0,0,14.4583,C,Third,woman,False,,Cherbourg,no,True
116,0,3,male,21.0,0,0,7.925,S,Third,man,True,,Southampton,no,True
117,0,3,male,70.5,0,0,7.75,Q,Third,man,True,,Queenstown,no,True
118,0,2,male,29.0,1,0,21.0,S,Second,man,True,,Southampton,no,False
119,0,1,male,24.0,0,1,247.5208,C,First,man,True,B,Cherbourg,no,False
120,0,3,female,2.0,4,2,31.275,S,Third,child,False,,Southampton,no,False
121,0,2,male,21.0,2,0,73.5,S,Second,man,True,,Southampton,no,False
122,0,3,male,,0,0,8.05,S,Third,man,True,,Southampton,no,True
123,0,2,male,32.5,1,0,30.0708,C,Second,man,True,,Cherbourg,no,False
124,1,2,female,32.5,0,0,13.0,S,Second,woman,False,E,Southampton,yes,True
125,0,1,male,54.0,0,1,77.2875,S,First,man,True,D,Southampton,no,False
126,1,3,male,12.0,1,0,11.2417,C,Third,child,False,,Cherbourg,yes,False
127,0,3,male,,0,0,7.75,Q,Third,man,True,,Queenstown,no,True
128,1,3,male,24.0,0,0,7.1417,S,Third,man,True,,Southampton,yes,True
129,1,3,female,,1,1,22.3583,C,Third,woman,False,F,Cherbourg,yes,False
130,0,3,male,45.0,0,0,6.975,S,Third,man,True,,Southampton,no,True
131,0,3,male,33.0,0,0,7.8958,C,Third,man,True,,Cherbourg,no,True
132,0,3,male,20.0,0,0,7.05,S,Third,man,True,,Southampton,no,True
133,0,3,female,47.0,1,0,14.5,S,Third,woman,False,,Southampton,no,False
134,1,2,female,29.0,1,0,26.0,S,Second,woman,False,,Southampton,yes,False
135,0,2,male,25.0,0,0,13.0,S,Second,man,True,,Southampton,no,True
136,0,2,male,23.0,0,0,15.0458,C,Second,man,True,,Cherbourg,no,True
137,1,1,female,19.0,0,2,26.2833,S,First,woman,False,D,Southampton,yes,False
138,0,1,male,37.0,1,0,53.1,S,First,man,True,C,Southampton,no,False
139,0,3,male,16.0,0,0,9.2167,S,Third,man,True,,Southampton,no,True
140,0,1,male,24.0,0,0,79.2,C,First,man,True,B,Cherbourg,no,True
141,0,3,female,,0,2,15.2458,C,Third,woman,False,,Cherbourg,no,False
142,1,3,female,22.0,0,0,7.75,S,Third,woman,False,,Southampton,yes,True
143,1,3,female,24.0,1,0,15.85,S,Third,woman,False,,Southampton,yes,False
144,0,3,male,19.0,0,0,6.75,Q,Third,man,True,,Queenstown,no,True
145,0,2,male,18.0,0,0,11.5,S,Second,man,True,,Southampton,no,True
146,0,2,male,19.0,1,1,36.75,S,Second,man,True,,Southampton,no,False
147,1,3,male,27.0,0,0,7.7958,S,Third,man,True,,Southampton,yes,True
148,0,3,female,9.0,2,2,34.375,S,Third,child,False,,Southampton,no,False
149,0,2,male,36.5,0,2,26.0,S,Second,man,True,F,Southampton,no,False
150,0,2,male,42.0,0,0,13.0,S,Second,man,True,,Southampton,no,True
151,0,2,male,51.0,0,0,12.525,S,Second,man,True,,Southampton,no,True
152,1,1,female,22.0,1,0,66.6,S,First,woman,False,C,Southampton,yes,False
153,0,3,male,55.5,0,0,8.05,S,Third,man,True,,Southampton,no,True
154,0,3,male,40.5,0,2,14.5,S,Third,man,True,,Southampton,no,False
155,0,3,male,,0,0,7.3125,S,Third,man,True,,Southampton,no,True
156,0,1,male,51.0,0,1,61.3792,C,First,man,True,,Cherbourg,no,False
157,1,3,female,16.0,0,0,7.7333,Q,Third,woman,False,,Queenstown,yes,True
158,0,3,male,30.0,0,0,8.05,S,Third,man,True,,Southampton,no,True
159,0,3,male,,0,0,8.6625,S,Third,man,True,,Southampton,no,True
160,0,3,male,,8,2,69.55,S,Third,man,True,,Southampton,no,False
161,0,3,male,44.0,0,1,16.1,S,Third,man,True,,Southampton,no,False
162,1,2,female,40.0,0,0,15.75,S,Second,woman,False,,Southampton,yes,True
163,0,3,male,26.0,0,0,7.775,S,Third,man,True,,Southampton,no,True
164,0,3,male,17.0,0,0,8.6625,S,Third,man,True,,Southampton,no,True
165,0,3,male,1.0,4,1,39.6875,S,Third,child,False,,Southampton,no,False
166,1,3,male,9.0,0,2,20.525,S,Third,child,False,,Southampton,yes,False
167,1,1,female,,0,1,55.0,S,First,woman,False,E,Southampton,yes,False
168,0,3,female,45.0,1,4,27.9,S,Third,woman,False,,Southampton,no,False
169,0,1,male,,0,0,25.925,S,First,man,True,,Southampton,no,True
170,0,3,male,28.0,0,0,56.4958,S,Third,man,True,,Southampton,no,True
171,0,1,male,61.0,0,0,33.5,S,First,man,True,B,Southampton,no,True
172,0,3,male,4.0,4,1,29.125,Q,Third,child,False,,Queenstown,no,False
173,1,3,female,1.0,1,1,11.1333,S,Third,child,False,,Southampton,yes,False
174,0,3,male,21.0,0,0,7.925,S,Third,man,True,,Southampton,no,True
175,0,1,male,56.0,0,0,30.6958,C,First,man,True,A,Cherbourg,no,True
176,0,3,male,18.0,1,1,7.8542,S,Third,man,True,,Southampton,no,False
177,0,3,male,,3,1,25.4667,S,Third,man,True,,Southampton,no,False
178,0,1,female,50.0,0,0,28.7125,C,First,woman,False,C,Cherbourg,no,True
179,0,2,male,30.0,0,0,13.0,S,Second,man,True,,Southampton,no,True
180,0,3,male,36.0,0,0,0.0,S,Third,man,True,,Southampton,no,True
181,0,3,female,,8,2,69.55,S,Third,woman,False,,Southampton,no,False
182,0,2,male,,0,0,15.05,C,Second,man,True,,Cherbourg,no,True
183,0,3,male,9.0,4,2,31.3875,S,Third,child,False,,Southampton,no,False
184,1,2,male,1.0,2,1,39.0,S,Second,child,False,F,Southampton,yes,False
185,1,3,female,4.0,0,2,22.025,S,Third,child,False,,Southampton,yes,False
186,0,1,male,,0,0,50.0,S,First,man,True,A,Southampton,no,True
187,1,3,female,,1,0,15.5,Q,Third,woman,False,,Queenstown,yes,False
188,1,1,male,45.0,0,0,26.55,S,First,man,True,,Southampton,yes,True
189,0,3,male,40.0,1,1,15.5,Q,Third,man,True,,Queenstown,no,False
190,0,3,male,36.0,0,0,7.8958,S,Third,man,True,,Southampton,no,True
191,1,2,female,32.0,0,0,13.0,S,Second,woman,False,,Southampton,yes,True
192,0,2,male,19.0,0,0,13.0,S,Second,man,True,,Southampton,no,True
193,1,3,female,19.0,1,0,7.8542,S,Third,woman,False,,Southampton,yes,False
194,1,2,male,3.0,1,1,26.0,S,Second,child,False,F,Southampton,yes,False
195,1,1,female,44.0,0,0,27.7208,C,First,woman,False,B,Cherbourg,yes,True
196,1,1,female,58.0,0,0,146.5208,C,First,woman,False,B,Cherbourg,yes,True
197,0,3,male,,0,0,7.75,Q,Third,man,True,,Queenstown,no,True
198,0,3,male,42.0,0,1,8.4042,S,Third,man,True,,Southampton,no,False
199,1,3,female,,0,0,7.75,Q,Third,woman,False,,Queenstown,yes,True
200,0,2,female,24.0,0,0,13.0,S,Second,woman,False,,Southampton,no,True
201,0,3,male,28.0,0,0,9.5,S,Third,man,True,,Southampton,no,True
202,0,3,male,,8,2,69.55,S,Third,man,True,,Southampton,no,False
203,0,3,male,34.0,0,0,6.4958,S,Third,man,True,,Southampton,no,True
204,0,3,male,45.5,0,0,7.225,C,Third,man,True,,Cherbourg,no,True
205,1,3,male,18.0,0,0,8.05,S,Third,man,True,,Southampton,yes,True
206,0,3,female,2.0,0,1,10.4625,S,Third,child,False,G,Southampton,no,False
207,0,3,male,32.0,1,0,15.85,S,Third,man,True,,Southampton,no,False
208,1,3,male,26.0,0,0,18.7875,C,Third,man,True,,Cherbourg,yes,True
209,1,3,female,16.0,0,0,7.75,Q,Third,woman,False,,Queenstown,yes,True
210,1,1,male,40.0,0,0,31.0,C,First,man,True,A,Cherbourg,yes,True
211,0,3,male,24.0,0,0,7.05,S,Third,man,True,,Southampton,no,True
212,1,2,female,35.0,0,0,21.0,S,Second,woman,False,,Southampton,yes,True
213,0,3,male,22.0,0,0,7.25,S,Third,man,True,,Southampton,no,True
214,0,2,male,30.0,0,0,13.0,S,Second,man,True,,Southampton,no,True
215,0,3,male,,1,0,7.75,Q,Third,man,True,,Queenstown,no,False
216,1,1,female,31.0,1,0,113.275,C,First,woman,False,D,Cherbourg,yes,False
217,1,3,female,27.0,0,0,7.925,S,Third,woman,False,,Southampton,yes,True
218,0,2,male,42.0,1,0,27.0,S,Second,man,True,,Southampton,no,False
219,1,1,female,32.0,0,0,76.2917,C,First,woman,False,D,Cherbourg,yes,True
220,0,2,male,30.0,0,0,10.5,S,Second,man,True,,Southampton,no,True
221,1,3,male,16.0,0,0,8.05,S,Third,man,True,,Southampton,yes,True
222,0,2,male,27.0,0,0,13.0,S,Second,man,True,,Southampton,no,True
223,0,3,male,51.0,0,0,8.05,S,Third,man,True,,Southampton,no,True
224,0,3,male,,0,0,7.8958,S,Third,man,True,,Southampton,no,True
225,1,1,male,38.0,1,0,90.0,S,First,man,True,C,Southampton,yes,False
226,0,3,male,22.0,0,0,9.35,S,Third,man,True,,Southampton,no,True
227,1,2,male,19.0,0,0,10.5,S,Second,man,True,,Southampton,yes,True
228,0,3,male,20.5,0,0,7.25,S,Third,man,True,,Southampton,no,True
229,0,2,male,18.0,0,0,13.0,S,Second,man,True,,Southampton,no,True
230,0,3,female,,3,1,25.4667,S,Third,woman,False,,Southampton,no,False
231,1,1,female,35.0,1,0,83.475,S,First,woman,False,C,Southampton,yes,False
232,0,3,male,29.0,0,0,7.775,S,Third,man,True,,Southampton,no,True
233,0,2,male,59.0,0,0,13.5,S,Second,man,True,,Southampton,no,True
234,1,3,female,5.0,4,2,31.3875,S,Third,child,False,,Southampton,yes,False
235,0,2,male,24.0,0,0,10.5,S,Second,man,True,,Southampton,no,True
236,0,3,female,,0,0,7.55,S,Third,woman,False,,Southampton,no,True
237,0,2,male,44.0,1,0,26.0,S,Second,man,True,,Southampton,no,False
238,1,2,female,8.0,0,2,26.25,S,Second,child,False,,Southampton,yes,False
239,0,2,male,19.0,0,0,10.5,S,Second,man,True,,Southampton,no,True
240,0,2,male,33.0,0,0,12.275,S,Second,man,True,,Southampton,no,True
241,0,3,female,,1,0,14.4542,C,Third,woman,False,,Cherbourg,no,False
242,1,3,female,,1,0,15.5,Q,Third,woman,False,,Queenstown,yes,False
243,0,2,male,29.0,0,0,10.5,S,Second,man,True,,Southampton,no,True
244,0,3,male,22.0,0,0,7.125,S,Third,man,True,,Southampton,no,True
245,0,3,male,30.0,0,0,7.225,C,Third,man,True,,Cherbourg,no,True
246,0,1,male,44.0,2,0,90.0,Q,First,man,True,C,Queenstown,no,False
247,0,3,female,25.0,0,0,7.775,S,Third,woman,False,,Southampton,no,True
248,1,2,female,24.0,0,2,14.5,S,Second,woman,False,,Southampton,yes,False
249,1,1,male,37.0,1,1,52.5542,S,First,man,True,D,Southampton,yes,False
250,0,2,male,54.0,1,0,26.0,S,Second,man,True,,Southampton,no,False
251,0,3,male,,0,0,7.25,S,Third,man,True,,Southampton,no,True
252,0,3,female,29.0,1,1,10.4625,S,Third,woman,False,G,Southampton,no,False
253,0,1,male,62.0,0,0,26.55,S,First,man,True,C,Southampton,no,True
254,0,3,male,30.0,1,0,16.1,S,Third,man,True,,Southampton,no,False
255,0,3,female,41.0,0,2,20.2125,S,Third,woman,False,,Southampton,no,False
256,1,3,female,29.0,0,2,15.2458,C,Third,woman,False,,Cherbourg,yes,False
257,1,1,female,,0,0,79.2,C,First,woman,False,,Cherbourg,yes,True
258,1,1,female,30.0,0,0,86.5,S,First,woman,False,B,Southampton,yes,True
259,1,1,female,35.0,0,0,512.3292,C,First,woman,False,,Cherbourg,yes,True
260,1,2,female,50.0,0,1,26.0,S,Second,woman,False,,Southampton,yes,False
261,0,3,male,,0,0,7.75,Q,Third,man,True,,Queenstown,no,True
262,1,3,male,3.0,4,2,31.3875,S,Third,child,False,,Southampton,yes,False
263,0,1,male,52.0,1,1,79.65,S,First,man,True,E,Southampton,no,False
264,0,1,male,40.0,0,0,0.0,S,First,man,True,B,Southampton,no,True
265,0,3,female,,0,0,7.75,Q,Third,woman,False,,Queenstown,no,True
266,0,2,male,36.0,0,0,10.5,S,Second,man,True,,Southampton,no,True
267,0,3,male,16.0,4,1,39.6875,S,Third,man,True,,Southampton,no,False
268,1,3,male,25.0,1,0,7.775,S,Third,man,True,,Southampton,yes,False
269,1,1,female,58.0,0,1,153.4625,S,First,woman,False,C,Southampton,yes,False
270,1,1,female,35.0,0,0,135.6333,S,First,woman,False,C,Southampton,yes,True
271,0,1,male,,0,0,31.0,S,First,man,True,,Southampton,no,True
272,1,3,male,25.0,0,0,0.0,S,Third,man,True,,Southampton,yes,True
273,1,2,female,41.0,0,1,19.5,S,Second,woman,False,,Southampton,yes,False
274,0,1,male,37.0,0,1,29.7,C,First,man,True,C,Cherbourg,no,False
275,1,3,female,,0,0,7.75,Q,Third,woman,False,,Queenstown,yes,True
276,1,1,female,63.0,1,0,77.9583,S,First,woman,False,D,Southampton,yes,False
277,0,3,female,45.0,0,0,7.75,S,Third,woman,False,,Southampton,no,True
278,0,2,male,,0,0,0.0,S,Second,man,True,,Southampton,no,True
279,0,3,male,7.0,4,1,29.125,Q,Third,child,False,,Queenstown,no,False
280,1,3,female,35.0,1,1,20.25,S,Third,woman,False,,Southampton,yes,False
281,0,3,male,65.0,0,0,7.75,Q,Third,man,True,,Queenstown,no,True
282,0,3,male,28.0,0,0,7.8542,S,Third,man,True,,Southampton,no,True
283,0,3,male,16.0,0,0,9.5,S,Third,man,True,,Southampton,no,True
284,1,3,male,19.0,0,0,8.05,S,Third,man,True,,Southampton,yes,True
285,0,1,male,,0,0,26.0,S,First,man,True,A,Southampton,no,True
286,0,3,male,33.0,0,0,8.6625,C,Third,man,True,,Cherbourg,no,True
287,1,3,male,30.0,0,0,9.5,S,Third,man,True,,Southampton,yes,True
288,0,3,male,22.0,0,0,7.8958,S,Third,man,True,,Southampton,no,True
289,1,2,male,42.0,0,0,13.0,S,Second,man,True,,Southampton,yes,True
290,1,3,female,22.0,0,0,7.75,Q,Third,woman,False,,Queenstown,yes,True
291,1,1,female,26.0,0,0,78.85,S,First,woman,False,,Southampton,yes,True
292,1,1,female,19.0,1,0,91.0792,C,First,woman,False,B,Cherbourg,yes,False
293,0,2,male,36.0,0,0,12.875,C,Second,man,True,D,Cherbourg,no,True
294,0,3,female,24.0,0,0,8.85,S,Third,woman,False,,Southampton,no,True
295,0,3,male,24.0,0,0,7.8958,S,Third,man,True,,Southampton,no,True
296,0,1,male,,0,0,27.7208,C,First,man,True,,Cherbourg,no,True
297,0,3,male,23.5,0,0,7.2292,C,Third,man,True,,Cherbourg,no,True
298,0,1,female,2.0,1,2,151.55,S,First,child,False,C,Southampton,no,False
299,1,1,male,,0,0,30.5,S,First,man,True,C,Southampton,yes,True
300,1,1,female,50.0,0,1,247.5208,C,First,woman,False,B,Cherbourg,yes,False
301,1,3,female,,0,0,7.75,Q,Third,woman,False,,Queenstown,yes,True
302,1,3,male,,2,0,23.25,Q,Third,man,True,,Queenstown,yes,False
303,0,3,male,19.0,0,0,0.0,S,Third,man,True,,Southampton,no,True
304,1,2,female,,0,0,12.35,Q,Second,woman,False,E,Queenstown,yes,True
305,0,3,male,,0,0,8.05,S,Third,man,True,,Southampton,no,True
306,1,1,male,0.92,1,2,151.55,S,First,child,False,C,Southampton,yes,False
307,1,1,female,,0,0,110.8833,C,First,woman,False,,Cherbourg,yes,True
308,1,1,female,17.0,1,0,108.9,C,First,woman,False,C,Cherbourg,yes,False
309,0,2,male,30.0,1,0,24.0,C,Second,man,True,,Cherbourg,no,False
310,1,1,female,30.0,0,0,56.9292,C,First,woman,False,E,Cherbourg,yes,True
311,1,1,female,24.0,0,0,83.1583,C,First,woman,False,C,Cherbourg,yes,True
312,1,1,female,18.0,2,2,262.375,C,First,woman,False,B,Cherbourg,yes,False
313,0,2,female,26.0,1,1,26.0,S,Second,woman,False,,Southampton,no,False
314,0,3,male,28.0,0,0,7.8958,S,Third,man,True,,Southampton,no,True
315,0,2,male,43.0,1,1,26.25,S,Second,man,True,,Southampton,no,False
316,1,3,female,26.0,0,0,7.8542,S,Third,woman,False,,Southampton,yes,True
317,1,2,female,24.0,1,0,26.0,S,Second,woman,False,,Southampton,yes,False
318,0,2,male,54.0,0,0,14.0,S,Second,man,True,,Southampton,no,True
319,1,1,female,31.0,0,2,164.8667,S,First,woman,False,C,Southampton,yes,False
320,1,1,female,40.0,1,1,134.5,C,First,woman,False,E,Cherbourg,yes,False
321,0,3,male,22.0,0,0,7.25,S,Third,man,True,,Southampton,no,True
322,0,3,male,27.0,0,0,7.8958,S,Third,man,True,,Southampton,no,True
323,1,2,female,30.0,0,0,12.35,Q,Second,woman,False,,Queenstown,yes,True
324,1,2,female,22.0,1,1,29.0,S,Second,woman,False,,Southampton,yes,False
325,0,3,male,,8,2,69.55,S,Third,man,True,,Southampton,no,False
326,1,1,female,36.0,0,0,135.6333,C,First,woman,False,C,Cherbourg,yes,True
327,0,3,male,61.0,0,0,6.2375,S,Third,man,True,,Southampton,no,True
328,1,2,female,36.0,0,0,13.0,S,Second,woman,False,D,Southampton,yes,True
329,1,3,female,31.0,1,1,20.525,S,Third,woman,False,,Southampton,yes,False
330,1,1,female,16.0,0,1,57.9792,C,First,woman,False,B,Cherbourg,yes,False
331,1,3,female,,2,0,23.25,Q,Third,woman,False,,Queenstown,yes,False
332,0,1,male,45.5,0,0,28.5,S,First,man,True,C,Southampton,no,True
333,0,1,male,38.0,0,1,153.4625,S,First,man,True,C,Southampton,no,False
334,0,3,male,16.0,2,0,18.0,S,Third,man,True,,Southampton,no,False
335,1,1,female,,1,0,133.65,S,First,woman,False,,Southampton,yes,False
336,0,3,male,,0,0,7.8958,S,Third,man,True,,Southampton,no,True
337,0,1,male,29.0,1,0,66.6,S,First,man,True,C,Southampton,no,False
338,1,1,female,41.0,0,0,134.5,C,First,woman,False,E,Cherbourg,yes,True
339,1,3,male,45.0,0,0,8.05,S,Third,man,True,,Southampton,yes,True
340,0,1,male,45.0,0,0,35.5,S,First,man,True,,Southampton,no,True
341,1,2,male,2.0,1,1,26.0,S,Second,child,False,F,Southampton,yes,False
342,1,1,female,24.0,3,2,263.0,S,First,woman,False,C,Southampton,yes,False
343,0,2,male,28.0,0,0,13.0,S,Second,man,True,,Southampton,no,True
344,0,2,male,25.0,0,0,13.0,S,Second,man,True,,Southampton,no,True
345,0,2,male,36.0,0,0,13.0,S,Second,man,True,,Southampton,no,True
346,1,2,female,24.0,0,0,13.0,S,Second,woman,False,F,Southampton,yes,True
347,1,2,female,40.0,0,0,13.0,S,Second,woman,False,,Southampton,yes,True
348,1,3,female,,1,0,16.1,S,Third,woman,False,,Southampton,yes,False
349,1,3,male,3.0,1,1,15.9,S,Third,child,False,,Southampton,yes,False
350,0,3,male,42.0,0,0,8.6625,S,Third,man,True,,Southampton,no,True
351,0,3,male,23.0,0,0,9.225,S,Third,man,True,,Southampton,no,True
352,0,1,male,,0,0,35.0,S,First,man,True,C,Southampton,no,True
353,0,3,male,15.0,1,1,7.2292,C,Third,child,False,,Cherbourg,no,False
354,0,3,male,25.0,1,0,17.8,S,Third,man,True,,Southampton,no,False
355,0,3,male,,0,0,7.225,C,Third,man,True,,Cherbourg,no,True
356,0,3,male,28.0,0,0,9.5,S,Third,man,True,,Southampton,no,True
357,1,1,female,22.0,0,1,55.0,S,First,woman,False,E,Southampton,yes,False
358,0,2,female,38.0,0,0,13.0,S,Second,woman,False,,Southampton,no,True
359,1,3,female,,0,0,7.8792,Q,Third,woman,False,,Queenstown,yes,True
360,1,3,female,,0,0,7.8792,Q,Third,woman,False,,Queenstown,yes,True
361,0,3,male,40.0,1,4,27.9,S,Third,man,True,,Southampton,no,False
362,0,2,male,29.0,1,0,27.7208,C,Second,man,True,,Cherbourg,no,False
363,0,3,female,45.0,0,1,14.4542,C,Third,woman,False,,Cherbourg,no,False
364,0,3,male,35.0,0,0,7.05,S,Third,man,True,,Southampton,no,True
365,0,3,male,,1,0,15.5,Q,Third,man,True,,Queenstown,no,False
366,0,3,male,30.0,0,0,7.25,S,Third,man,True,,Southampton,no,True
367,1,1,female,60.0,1,0,75.25,C,First,woman,False,D,Cherbourg,yes,False
368,1,3,female,,0,0,7.2292,C,Third,woman,False,,Cherbourg,yes,True
369,1,3,female,,0,0,7.75,Q,Third,woman,False,,Queenstown,yes,True
370,1,1,female,24.0,0,0,69.3,C,First,woman,False,B,Cherbourg,yes,True
371,1,1,male,25.0,1,0,55.4417,C,First,man,True,E,Cherbourg,yes,False
372,0,3,male,18.0,1,0,6.4958,S,Third,man,True,,Southampton,no,False
373,0,3,male,19.0,0,0,8.05,S,Third,man,True,,Southampton,no,True
374,0,1,male,22.0,0,0,135.6333,C,First,man,True,,Cherbourg,no,True
375,0,3,female,3.0,3,1,21.075,S,Third,child,False,,Southampton,no,False
376,1,1,female,,1,0,82.1708,C,First,woman,False,,Cherbourg,yes,False
377,1,3,female,22.0,0,0,7.25,S,Third,woman,False,,Southampton,yes,True
378,0,1,male,27.0,0,2,211.5,C,First,man,True,C,Cherbourg,no,False
379,0,3,male,20.0,0,0,4.0125,C,Third,man,True,,Cherbourg,no,True
380,0,3,male,19.0,0,0,7.775,S,Third,man,True,,Southampton,no,True
381,1,1,female,42.0,0,0,227.525,C,First,woman,False,,Cherbourg,yes,True
382,1,3,female,1.0,0,2,15.7417,C,Third,child,False,,Cherbourg,yes,False
383,0,3,male,32.0,0,0,7.925,S,Third,man,True,,Southampton,no,True
384,1,1,female,35.0,1,0,52.0,S,First,woman,False,,Southampton,yes,False
385,0,3,male,,0,0,7.8958,S,Third,man,True,,Southampton,no,True
386,0,2,male,18.0,0,0,73.5,S,Second,man,True,,Southampton,no,True
387,0,3,male,1.0,5,2,46.9,S,Third,child,False,,Southampton,no,False
388,1,2,female,36.0,0,0,13.0,S,Second,woman,False,,Southampton,yes,True
389,0,3,male,,0,0,7.7292,Q,Third,man,True,,Queenstown,no,True
390,1,2,female,17.0,0,0,12.0,C,Second,woman,False,,Cherbourg,yes,True
391,1,1,male,36.0,1,2,120.0,S,First,man,True,B,Southampton,yes,False
392,1,3,male,21.0,0,0,7.7958,S,Third,man,True,,Southampton,yes,True
393,0,3,male,28.0,2,0,7.925,S,Third,man,True,,Southampton,no,False
394,1,1,female,23.0,1,0,113.275,C,First,woman,False,D,Cherbourg,yes,False
395,1,3,female,24.0,0,2,16.7,S,Third,woman,False,G,Southampton,yes,False
396,0,3,male,22.0,0,0,7.7958,S,Third,man,True,,Southampton,no,True
397,0,3,female,31.0,0,0,7.8542,S,Third,woman,False,,Southampton,no,True
398,0,2,male,46.0,0,0,26.0,S,Second,man,True,,Southampton,no,True
399,0,2,male,23.0,0,0,10.5,S,Second,man,True,,Southampton,no,True
400,1,2,female,28.0,0,0,12.65,S,Second,woman,False,,Southampton,yes,True
401,1,3,male,39.0,0,0,7.925,S,Third,man,True,,Southampton,yes,True
402,0,3,male,26.0,0,0,8.05,S,Third,man,True,,Southampton,no,True
403,0,3,female,21.0,1,0,9.825,S,Third,woman,False,,Southampton,no,False
404,0,3,male,28.0,1,0,15.85,S,Third,man,True,,Southampton,no,False
405,0,3,female,20.0,0,0,8.6625,S,Third,woman,False,,Southampton,no,True
406,0,2,male,34.0,1,0,21.0,S,Second,man,True,,Southampton,no,False
407,0,3,male,51.0,0,0,7.75,S,Third,man,True,,Southampton,no,True
408,1,2,male,3.0,1,1,18.75,S,Second,child,False,,Southampton,yes,False
409,0,3,male,21.0,0,0,7.775,S,Third,man,True,,Southampton,no,True
410,0,3,female,,3,1,25.4667,S,Third,woman,False,,Southampton,no,False
411,0,3,male,,0,0,7.8958,S,Third,man,True,,Southampton,no,True
412,0,3,male,,0,0,6.8583,Q,Third,man,True,,Queenstown,no,True
413,1,1,female,33.0,1,0,90.0,Q,First,woman,False,C,Queenstown,yes,False
414,0,2,male,,0,0,0.0,S,Second,man,True,,Southampton,no,True
415,1,3,male,44.0,0,0,7.925,S,Third,man,True,,Southampton,yes,True
416,0,3,female,,0,0,8.05,S,Third,woman,False,,Southampton,no,True
417,1,2,female,34.0,1,1,32.5,S,Second,woman,False,,Southampton,yes,False
418,1,2,female,18.0,0,2,13.0,S,Second,woman,False,,Southampton,yes,False
419,0,2,male,30.0,0,0,13.0,S,Second,man,True,,Southampton,no,True
420,0,3,female,10.0,0,2,24.15,S,Third,child,False,,Southampton,no,False
421,0,3,male,,0,0,7.8958,C,Third,man,True,,Cherbourg,no,True
422,0,3,male,21.0,0,0,7.7333,Q,Third,man,True,,Queenstown,no,True
423,0,3,male,29.0,0,0,7.875,S,Third,man,True,,Southampton,no,True
424,0,3,female,28.0,1,1,14.4,S,Third,woman,False,,Southampton,no,False
425,0,3,male,18.0,1,1,20.2125,S,Third,man,True,,Southampton,no,False
426,0,3,male,,0,0,7.25,S,Third,man,True,,Southampton,no,True
427,1,2,female,28.0,1,0,26.0,S,Second,woman,False,,Southampton,yes,False
428,1,2,female,19.0,0,0,26.0,S,Second,woman,False,,Southampton,yes,True
429,0,3,male,,0,0,7.75,Q,Third,man,True,,Queenstown,no,True
430,1,3,male,32.0,0,0,8.05,S,Third,man,True,E,Southampton,yes,True
431,1,1,male,28.0,0,0,26.55,S,First,man,True,C,Southampton,yes,True
432,1,3,female,,1,0,16.1,S,Third,woman,False,,Southampton,yes,False
433,1,2,female,42.0,1,0,26.0,S,Second,woman,False,,Southampton,yes,False
434,0,3,male,17.0,0,0,7.125,S,Third,man,True,,Southampton,no,True
435,0,1,male,50.0,1,0,55.9,S,First,man,True,E,Southampton,no,False
436,1,1,female,14.0,1,2,120.0,S,First,child,False,B,Southampton,yes,False
437,0,3,female,21.0,2,2,34.375,S,Third,woman,False,,Southampton,no,False
438,1,2,female,24.0,2,3,18.75,S,Second,woman,False,,Southampton,yes,False
439,0,1,male,64.0,1,4,263.0,S,First,man,True,C,Southampton,no,False
440,0,2,male,31.0,0,0,10.5,S,Second,man,True,,Southampton,no,True
441,1,2,female,45.0,1,1,26.25,S,Second,woman,False,,Southampton,yes,False
442,0,3,male,20.0,0,0,9.5,S,Third,man,True,,Southampton,no,True
443,0,3,male,25.0,1,0,7.775,S,Third,man,True,,Southampton,no,False
444,1,2,female,28.0,0,0,13.0,S,Second,woman,False,,Southampton,yes,True
445,1,3,male,,0,0,8.1125,S,Third,man,True,,Southampton,yes,True
446,1,1,male,4.0,0,2,81.8583,S,First,child,False,A,Southampton,yes,False
447,1,2,female,13.0,0,1,19.5,S,Second,child,False,,Southampton,yes,False
448,1,1,male,34.0,0,0,26.55,S,First,man,True,,Southampton,yes,True
449,1,3,female,5.0,2,1,19.2583,C,Third,child,False,,Cherbourg,yes,False
450,1,1,male,52.0,0,0,30.5,S,First,man,True,C,Southampton,yes,True
451,0,2,male,36.0,1,2,27.75,S,Second,man,True,,Southampton,no,False
452,0,3,male,,1,0,19.9667,S,Third,man,True,,Southampton,no,False
453,0,1,male,30.0,0,0,27.75,C,First,man,True,C,Cherbourg,no,True
454,1,1,male,49.0,1,0,89.1042,C,First,man,True,C,Cherbourg,yes,False
455,0,3,male,,0,0,8.05,S,Third,man,True,,Southampton,no,True
456,1,3,male,29.0,0,0,7.8958,C,Third,man,True,,Cherbourg,yes,True
457,0,1,male,65.0,0,0,26.55,S,First,man,True,E,Southampton,no,True
458,1,1,female,,1,0,51.8625,S,First,woman,False,D,Southampton,yes,False
459,1,2,female,50.0,0,0,10.5,S,Second,woman,False,,Southampton,yes,True
460,0,3,male,,0,0,7.75,Q,Third,man,True,,Queenstown,no,True
461,1,1,male,48.0,0,0,26.55,S,First,man,True,E,Southampton,yes,True
462,0,3,male,34.0,0,0,8.05,S,Third,man,True,,Southampton,no,True
463,0,1,male,47.0,0,0,38.5,S,First,man,True,E,Southampton,no,True
464,0,2,male,48.0,0,0,13.0,S,Second,man,True,,Southampton,no,True
465,0,3,male,,0,0,8.05,S,Third,man,True,,Southampton,no,True
466,0,3,male,38.0,0,0,7.05,S,Third,man,True,,Southampton,no,True
467,0,2,male,,0,0,0.0,S,Second,man,True,,Southampton,no,True
468,0,1,male,56.0,0,0,26.55,S,First,man,True,,Southampton,no,True
469,0,3,male,,0,0,7.725,Q,Third,man,True,,Queenstown,no,True
470,1,3,female,0.75,2,1,19.2583,C,Third,child,False,,Cherbourg,yes,False
471,0,3,male,,0,0,7.25,S,Third,man,True,,Southampton,no,True
472,0,3,male,38.0,0,0,8.6625,S,Third,man,True,,Southampton,no,True
473,1,2,female,33.0,1,2,27.75,S,Second,woman,False,,Southampton,yes,False
474,1,2,female,23.0,0,0,13.7917,C,Second,woman,False,D,Cherbourg,yes,True
475,0,3,female,22.0,0,0,9.8375,S,Third,woman,False,,Southampton,no,True
476,0,1,male,,0,0,52.0,S,First,man,True,A,Southampton,no,True
477,0,2,male,34.0,1,0,21.0,S,Second,man,True,,Southampton,no,False
478,0,3,male,29.0,1,0,7.0458,S,Third,man,True,,Southampton,no,False
479,0,3,male,22.0,0,0,7.5208,S,Third,man,True,,Southampton,no,True
480,1,3,female,2.0,0,1,12.2875,S,Third,child,False,,Southampton,yes,False
481,0,3,male,9.0,5,2,46.9,S,Third,child,False,,Southampton,no,False
482,0,2,male,,0,0,0.0,S,Second,man,True,,Southampton,no,True
483,0,3,male,50.0,0,0,8.05,S,Third,man,True,,Southampton,no,True
484,1,3,female,63.0,0,0,9.5875,S,Third,woman,False,,Southampton,yes,True
485,1,1,male,25.0,1,0,91.0792,C,First,man,True,B,Cherbourg,yes,False
486,0,3,female,,3,1,25.4667,S,Third,woman,False,,Southampton,no,False
487,1,1,female,35.0,1,0,90.0,S,First,woman,False,C,Southampton,yes,False
488,0,1,male,58.0,0,0,29.7,C,First,man,True,B,Cherbourg,no,True
489,0,3,male,30.0,0,0,8.05,S,Third,man,True,,Southampton,no,True
490,1,3,male,9.0,1,1,15.9,S,Third,child,False,,Southampton,yes,False
491,0,3,male,,1,0,19.9667,S,Third,man,True,,Southampton,no,False
492,0,3,male,21.0,0,0,7.25,S,Third,man,True,,Southampton,no,True
493,0,1,male,55.0,0,0,30.5,S,First,man,True,C,Southampton,no,True
494,0,1,male,71.0,0,0,49.5042,C,First,man,True,,Cherbourg,no,True
495,0,3,male,21.0,0,0,8.05,S,Third,man,True,,Southampton,no,True
496,0,3,male,,0,0,14.4583,C,Third,man,True,,Cherbourg,no,True
497,1,1,female,54.0,1,0,78.2667,C,First,woman,False,D,Cherbourg,yes,False
498,0,3,male,,0,0,15.1,S,Third,man,True,,Southampton,no,True
499,0,1,female,25.0,1,2,151.55,S,First,woman,False,C,Southampton,no,False
500,0,3,male,24.0,0,0,7.7958,S,Third,man,True,,Southampton,no,True
501,0,3,male,17.0,0,0,8.6625,S,Third,man,True,,Southampton,no,True
502,0,3,female,21.0,0,0,7.75,Q,Third,woman,False,,Queenstown,no,True
503,0,3,female,,0,0,7.6292,Q,Third,woman,False,,Queenstown,no,True
504,0,3,female,37.0,0,0,9.5875,S,Third,woman,False,,Southampton,no,True
505,1,1,female,16.0,0,0,86.5,S,First,woman,False,B,Southampton,yes,True
506,0,1,male,18.0,1,0,108.9,C,First,man,True,C,Cherbourg,no,False
507,1,2,female,33.0,0,2,26.0,S,Second,woman,False,,Southampton,yes,False
508,1,1,male,,0,0,26.55,S,First,man,True,,Southampton,yes,True
509,0,3,male,28.0,0,0,22.525,S,Third,man,True,,Southampton,no,True
510,1,3,male,26.0,0,0,56.4958,S,Third,man,True,,Southampton,yes,True
511,1,3,male,29.0,0,0,7.75,Q,Third,man,True,,Queenstown,yes,True
512,0,3,male,,0,0,8.05,S,Third,man,True,,Southampton,no,True
513,1,1,male,36.0,0,0,26.2875,S,First,man,True,E,Southampton,yes,True
514,1,1,female,54.0,1,0,59.4,C,First,woman,False,,Cherbourg,yes,False
515,0,3,male,24.0,0,0,7.4958,S,Third,man,True,,Southampton,no,True
516,0,1,male,47.0,0,0,34.0208,S,First,man,True,D,Southampton,no,True
517,1,2,female,34.0,0,0,10.5,S,Second,woman,False,F,Southampton,yes,True
518,0,3,male,,0,0,24.15,Q,Third,man,True,,Queenstown,no,True
519,1,2,female,36.0,1,0,26.0,S,Second,woman,False,,Southampton,yes,False
520,0,3,male,32.0,0,0,7.8958,S,Third,man,True,,Southampton,no,True
521,1,1,female,30.0,0,0,93.5,S,First,woman,False,B,Southampton,yes,True
522,0,3,male,22.0,0,0,7.8958,S,Third,man,True,,Southampton,no,True
523,0,3,male,,0,0,7.225,C,Third,man,True,,Cherbourg,no,True
524,1,1,female,44.0,0,1,57.9792,C,First,woman,False,B,Cherbourg,yes,False
525,0,3,male,,0,0,7.2292,C,Third,man,True,,Cherbourg,no,True
526,0,3,male,40.5,0,0,7.75,Q,Third,man,True,,Queenstown,no,True
527,1,2,female,50.0,0,0,10.5,S,Second,woman,False,,Southampton,yes,True
528,0,1,male,,0,0,221.7792,S,First,man,True,C,Southampton,no,True
529,0,3,male,39.0,0,0,7.925,S,Third,man,True,,Southampton,no,True
530,0,2,male,23.0,2,1,11.5,S,Second,man,True,,Southampton,no,False
531,1,2,female,2.0,1,1,26.0,S,Second,child,False,,Southampton,yes,False
532,0,3,male,,0,0,7.2292,C,Third,man,True,,Cherbourg,no,True
533,0,3,male,17.0,1,1,7.2292,C,Third,man,True,,Cherbourg,no,False
534,1,3,female,,0,2,22.3583,C,Third,woman,False,,Cherbourg,yes,False
535,0,3,female,30.0,0,0,8.6625,S,Third,woman,False,,Southampton,no,True
536,1,2,female,7.0,0,2,26.25,S,Second,child,False,,Southampton,yes,False
537,0,1,male,45.0,0,0,26.55,S,First,man,True,B,Southampton,no,True
538,1,1,female,30.0,0,0,106.425,C,First,woman,False,,Cherbourg,yes,True
539,0,3,male,,0,0,14.5,S,Third,man,True,,Southampton,no,True
540,1,1,female,22.0,0,2,49.5,C,First,woman,False,B,Cherbourg,yes,False
541,1,1,female,36.0,0,2,71.0,S,First,woman,False,B,Southampton,yes,False
542,0,3,female,9.0,4,2,31.275,S,Third,child,False,,Southampton,no,False
543,0,3,female,11.0,4,2,31.275,S,Third,child,False,,Southampton,no,False
544,1,2,male,32.0,1,0,26.0,S,Second,man,True,,Southampton,yes,False
545,0,1,male,50.0,1,0,106.425,C,First,man,True,C,Cherbourg,no,False
546,0,1,male,64.0,0,0,26.0,S,First,man,True,,Southampton,no,True
547,1,2,female,19.0,1,0,26.0,S,Second,woman,False,,Southampton,yes,False
548,1,2,male,,0,0,13.8625,C,Second,man,True,,Cherbourg,yes,True
549,0,3,male,33.0,1,1,20.525,S,Third,man,True,,Southampton,no,False
550,1,2,male,8.0,1,1,36.75,S,Second,child,False,,Southampton,yes,False
551,1,1,male,17.0,0,2,110.8833,C,First,man,True,C,Cherbourg,yes,False
552,0,2,male,27.0,0,0,26.0,S,Second,man,True,,Southampton,no,True
553,0,3,male,,0,0,7.8292,Q,Third,man,True,,Queenstown,no,True
554,1,3,male,22.0,0,0,7.225,C,Third,man,True,,Cherbourg,yes,True
555,1,3,female,22.0,0,0,7.775,S,Third,woman,False,,Southampton,yes,True
556,0,1,male,62.0,0,0,26.55,S,First,man,True,,Southampton,no,True
557,1,1,female,48.0,1,0,39.6,C,First,woman,False,A,Cherbourg,yes,False
558,0,1,male,,0,0,227.525,C,First,man,True,,Cherbourg,no,True
559,1,1,female,39.0,1,1,79.65,S,First,woman,False,E,Southampton,yes,False
560,1,3,female,36.0,1,0,17.4,S,Third,woman,False,,Southampton,yes,False
561,0,3,male,,0,0,7.75,Q,Third,man,True,,Queenstown,no,True
562,0,3,male,40.0,0,0,7.8958,S,Third,man,True,,Southampton,no,True
563,0,2,male,28.0,0,0,13.5,S,Second,man,True,,Southampton,no,True
564,0,3,male,,0,0,8.05,S,Third,man,True,,Southampton,no,True
565,0,3,female,,0,0,8.05,S,Third,woman,False,,Southampton,no,True
566,0,3,male,24.0,2,0,24.15,S,Third,man,True,,Southampton,no,False
567,0,3,male,19.0,0,0,7.8958,S,Third,man,True,,Southampton,no,True
568,0,3,female,29.0,0,4,21.075,S,Third,woman,False,,Southampton,no,False
569,0,3,male,,0,0,7.2292,C,Third,man,True,,Cherbourg,no,True
570,1,3,male,32.0,0,0,7.8542,S,Third,man,True,,Southampton,yes,True
571,1,2,male,62.0,0,0,10.5,S,Second,man,True,,Southampton,yes,True
572,1,1,female,53.0,2,0,51.4792,S,First,woman,False,C,Southampton,yes,False
573,1,1,male,36.0,0,0,26.3875,S,First,man,True,E,Southampton,yes,True
574,1,3,female,,0,0,7.75,Q,Third,woman,False,,Queenstown,yes,True
575,0,3,male,16.0,0,0,8.05,S,Third,man,True,,Southampton,no,True
576,0,3,male,19.0,0,0,14.5,S,Third,man,True,,Southampton,no,True
577,1,2,female,34.0,0,0,13.0,S,Second,woman,False,,Southampton,yes,True
578,1,1,female,39.0,1,0,55.9,S,First,woman,False,E,Southampton,yes,False
579,0,3,female,,1,0,14.4583,C,Third,woman,False,,Cherbourg,no,False
580,1,3,male,32.0,0,0,7.925,S,Third,man,True,,Southampton,yes,True
581,1,2,female,25.0,1,1,30.0,S,Second,woman,False,,Southampton,yes,False
582,1,1,female,39.0,1,1,110.8833,C,First,woman,False,C,Cherbourg,yes,False
583,0,2,male,54.0,0,0,26.0,S,Second,man,True,,Southampton,no,True
584,0,1,male,36.0,0,0,40.125,C,First,man,True,A,Cherbourg,no,True
585,0,3,male,,0,0,8.7125,C,Third,man,True,,Cherbourg,no,True
586,1,1,female,18.0,0,2,79.65,S,First,woman,False,E,Southampton,yes,False
587,0,2,male,47.0,0,0,15.0,S,Second,man,True,,Southampton,no,True
588,1,1,male,60.0,1,1,79.2,C,First,man,True,B,Cherbourg,yes,False
589,0,3,male,22.0,0,0,8.05,S,Third,man,True,,Southampton,no,True
590,0,3,male,,0,0,8.05,S,Third,man,True,,Southampton,no,True
591,0,3,male,35.0,0,0,7.125,S,Third,man,True,,Southampton,no,True
592,1,1,female,52.0,1,0,78.2667,C,First,woman,False,D,Cherbourg,yes,False
593,0,3,male,47.0,0,0,7.25,S,Third,man,True,,Southampton,no,True
594,0,3,female,,0,2,7.75,Q,Third,woman,False,,Queenstown,no,False
595,0,2,male,37.0,1,0,26.0,S,Second,man,True,,Southampton,no,False
596,0,3,male,36.0,1,1,24.15,S,Third,man,True,,Southampton,no,False
597,1,2,female,,0,0,33.0,S,Second,woman,False,,Southampton,yes,True
598,0,3,male,49.0,0,0,0.0,S,Third,man,True,,Southampton,no,True
599,0,3,male,,0,0,7.225,C,Third,man,True,,Cherbourg,no,True
600,1,1,male,49.0,1,0,56.9292,C,First,man,True,A,Cherbourg,yes,False
601,1,2,female,24.0,2,1,27.0,S,Second,woman,False,,Southampton,yes,False
602,0,3,male,,0,0,7.8958,S,Third,man,True,,Southampton,no,True
603,0,1,male,,0,0,42.4,S,First,man,True,,Southampton,no,True
604,0,3,male,44.0,0,0,8.05,S,Third,man,True,,Southampton,no,True
605,1,1,male,35.0,0,0,26.55,C,First,man,True,,Cherbourg,yes,True
606,0,3,male,36.0,1,0,15.55,S,Third,man,True,,Southampton,no,False
607,0,3,male,30.0,0,0,7.8958,S,Third,man,True,,Southampton,no,True
608,1,1,male,27.0,0,0,30.5,S,First,man,True,,Southampton,yes,True
609,1,2,female,22.0,1,2,41.5792,C,Second,woman,False,,Cherbourg,yes,False
610,1,1,female,40.0,0,0,153.4625,S,First,woman,False,C,Southampton,yes,True
611,0,3,female,39.0,1,5,31.275,S,Third,woman,False,,Southampton,no,False
612,0,3,male,,0,0,7.05,S,Third,man,True,,Southampton,no,True
613,1,3,female,,1,0,15.5,Q,Third,woman,False,,Queenstown,yes,False
614,0,3,male,,0,0,7.75,Q,Third,man,True,,Queenstown,no,True
615,0,3,male,35.0,0,0,8.05,S,Third,man,True,,Southampton,no,True
616,1,2,female,24.0,1,2,65.0,S,Second,woman,False,,Southampton,yes,False
617,0,3,male,34.0,1,1,14.4,S,Third,man,True,,Southampton,no,False
618,0,3,female,26.0,1,0,16.1,S,Third,woman,False,,Southampton,no,False
619,1,2,female,4.0,2,1,39.0,S,Second,child,False,F,Southampton,yes,False
620,0,2,male,26.0,0,0,10.5,S,Second,man,True,,Southampton,no,True
621,0,3,male,27.0,1,0,14.4542,C,Third,man,True,,Cherbourg,no,False
622,1,1,male,42.0,1,0,52.5542,S,First,man,True,D,Southampton,yes,False
623,1,3,male,20.0,1,1,15.7417,C,Third,man,True,,Cherbourg,yes,False
624,0,3,male,21.0,0,0,7.8542,S,Third,man,True,,Southampton,no,True
625,0,3,male,21.0,0,0,16.1,S,Third,man,True,,Southampton,no,True
626,0,1,male,61.0,0,0,32.3208,S,First,man,True,D,Southampton,no,True
627,0,2,male,57.0,0,0,12.35,Q,Second,man,True,,Queenstown,no,True
628,1,1,female,21.0,0,0,77.9583,S,First,woman,False,D,Southampton,yes,True
629,0,3,male,26.0,0,0,7.8958,S,Third,man,True,,Southampton,no,True
630,0,3,male,,0,0,7.7333,Q,Third,man,True,,Queenstown,no,True
631,1,1,male,80.0,0,0,30.0,S,First,man,True,A,Southampton,yes,True
632,0,3,male,51.0,0,0,7.0542,S,Third,man,True,,Southampton,no,True
633,1,1,male,32.0,0,0,30.5,C,First,man,True,B,Cherbourg,yes,True
634,0,1,male,,0,0,0.0,S,First,man,True,,Southampton,no,True
635,0,3,female,9.0,3,2,27.9,S,Third,child,False,,Southampton,no,False
636,1,2,female,28.0,0,0,13.0,S,Second,woman,False,,Southampton,yes,True
637,0,3,male,32.0,0,0,7.925,S,Third,man,True,,Southampton,no,True
638,0,2,male,31.0,1,1,26.25,S,Second,man,True,,Southampton,no,False
639,0,3,female,41.0,0,5,39.6875,S,Third,woman,False,,Southampton,no,False
640,0,3,male,,1,0,16.1,S,Third,man,True,,Southampton,no,False
641,0,3,male,20.0,0,0,7.8542,S,Third,man,True,,Southampton,no,True
642,1,1,female,24.0,0,0,69.3,C,First,woman,False,B,Cherbourg,yes,True
643,0,3,female,2.0,3,2,27.9,S,Third,child,False,,Southampton,no,False
644,1,3,male,,0,0,56.4958,S,Third,man,True,,Southampton,yes,True
645,1,3,female,0.75,2,1,19.2583,C,Third,child,False,,Cherbourg,yes,False
646,1,1,male,48.0,1,0,76.7292,C,First,man,True,D,Cherbourg,yes,False
647,0,3,male,19.0,0,0,7.8958,S,Third,man,True,,Southampton,no,True
648,1,1,male,56.0,0,0,35.5,C,First,man,True,A,Cherbourg,yes,True
649,0,3,male,,0,0,7.55,S,Third,man,True,,Southampton,no,True
650,1,3,female,23.0,0,0,7.55,S,Third,woman,False,,Southampton,yes,True
651,0,3,male,,0,0,7.8958,S,Third,man,True,,Southampton,no,True
652,1,2,female,18.0,0,1,23.0,S,Second,woman,False,,Southampton,yes,False
653,0,3,male,21.0,0,0,8.4333,S,Third,man,True,,Southampton,no,True
654,1,3,female,,0,0,7.8292,Q,Third,woman,False,,Queenstown,yes,True
655,0,3,female,18.0,0,0,6.75,Q,Third,woman,False,,Queenstown,no,True
656,0,2,male,24.0,2,0,73.5,S,Second,man,True,,Southampton,no,False
657,0,3,male,,0,0,7.8958,S,Third,man,True,,Southampton,no,True
658,0,3,female,32.0,1,1,15.5,Q,Third,woman,False,,Queenstown,no,False
659,0,2,male,23.0,0,0,13.0,S,Second,man,True,,Southampton,no,True
660,0,1,male,58.0,0,2,113.275,C,First,man,True,D,Cherbourg,no,False
661,1,1,male,50.0,2,0,133.65,S,First,man,True,,Southampton,yes,False
662,0,3,male,40.0,0,0,7.225,C,Third,man,True,,Cherbourg,no,True
663,0,1,male,47.0,0,0,25.5875,S,First,man,True,E,Southampton,no,True
664,0,3,male,36.0,0,0,7.4958,S,Third,man,True,,Southampton,no,True
665,1,3,male,20.0,1,0,7.925,S,Third,man,True,,Southampton,yes,False
666,0,2,male,32.0,2,0,73.5,S,Second,man,True,,Southampton,no,False
667,0,2,male,25.0,0,0,13.0,S,Second,man,True,,Southampton,no,True
668,0,3,male,,0,0,7.775,S,Third,man,True,,Southampton,no,True
669,0,3,male,43.0,0,0,8.05,S,Third,man,True,,Southampton,no,True
670,1,1,female,,1,0,52.0,S,First,woman,False,C,Southampton,yes,False
671,1,2,female,40.0,1,1,39.0,S,Second,woman,False,,Southampton,yes,False
672,0,1,male,31.0,1,0,52.0,S,First,man,True,B,Southampton,no,False
673,0,2,male,70.0,0,0,10.5,S,Second,man,True,,Southampton,no,True
674,1,2,male,31.0,0,0,13.0,S,Second,man,True,,Southampton,yes,True
675,0,2,male,,0,0,0.0,S,Second,man,True,,Southampton,no,True
676,0,3,male,18.0,0,0,7.775,S,Third,man,True,,Southampton,no,True
677,0,3,male,24.5,0,0,8.05,S,Third,man,True,,Southampton,no,True
678,1,3,female,18.0,0,0,9.8417,S,Third,woman,False,,Southampton,yes,True
679,0,3,female,43.0,1,6,46.9,S,Third,woman,False,,Southampton,no,False
680,1,1,male,36.0,0,1,512.3292,C,First,man,True,B,Cherbourg,yes,False
681,0,3,female,,0,0,8.1375,Q,Third,woman,False,,Queenstown,no,True
682,1,1,male,27.0,0,0,76.7292,C,First,man,True,D,Cherbourg,yes,True
683,0,3,male,20.0,0,0,9.225,S,Third,man,True,,Southampton,no,True
684,0,3,male,14.0,5,2,46.9,S,Third,child,False,,Southampton,no,False
685,0,2,male,60.0,1,1,39.0,S,Second,man,True,,Southampton,no,False
686,0,2,male,25.0,1,2,41.5792,C,Second,man,True,,Cherbourg,no,False
687,0,3,male,14.0,4,1,39.6875,S,Third,child,False,,Southampton,no,False
688,0,3,male,19.0,0,0,10.1708,S,Third,man,True,,Southampton,no,True
689,0,3,male,18.0,0,0,7.7958,S,Third,man,True,,Southampton,no,True
690,1,1,female,15.0,0,1,211.3375,S,First,child,False,B,Southampton,yes,False
691,1,1,male,31.0,1,0,57.0,S,First,man,True,B,Southampton,yes,False
692,1,3,female,4.0,0,1,13.4167,C,Third,child,False,,Cherbourg,yes,False
693,1,3,male,,0,0,56.4958,S,Third,man,True,,Southampton,yes,True
694,0,3,male,25.0,0,0,7.225,C,Third,man,True,,Cherbourg,no,True
695,0,1,male,60.0,0,0,26.55,S,First,man,True,,Southampton,no,True
696,0,2,male,52.0,0,0,13.5,S,Second,man,True,,Southampton,no,True
697,0,3,male,44.0,0,0,8.05,S,Third,man,True,,Southampton,no,True
698,1,3,female,,0,0,7.7333,Q,Third,woman,False,,Queenstown,yes,True
699,0,1,male,49.0,1,1,110.8833,C,First,man,True,C,Cherbourg,no,False
700,0,3,male,42.0,0,0,7.65,S,Third,man,True,F,Southampton,no,True
701,1,1,female,18.0,1,0,227.525,C,First,woman,False,C,Cherbourg,yes,False
702,1,1,male,35.0,0,0,26.2875,S,First,man,True,E,Southampton,yes,True
703,0,3,female,18.0,0,1,14.4542,C,Third,woman,False,,Cherbourg,no,False
704,0,3,male,25.0,0,0,7.7417,Q,Third,man,True,,Queenstown,no,True
705,0,3,male,26.0,1,0,7.8542,S,Third,man,True,,Southampton,no,False
706,0,2,male,39.0,0,0,26.0,S,Second,man,True,,Southampton,no,True
707,1,2,female,45.0,0,0,13.5,S,Second,woman,False,,Southampton,yes,True
708,1,1,male,42.0,0,0,26.2875,S,First,man,True,E,Southampton,yes,True
709,1,1,female,22.0,0,0,151.55,S,First,woman,False,,Southampton,yes,True
710,1,3,male,,1,1,15.2458,C,Third,man,True,,Cherbourg,yes,False
711,1,1,female,24.0,0,0,49.5042,C,First,woman,False,C,Cherbourg,yes,True
712,0,1,male,,0,0,26.55,S,First,man,True,C,Southampton,no,True
713,1,1,male,48.0,1,0,52.0,S,First,man,True,C,Southampton,yes,False
714,0,3,male,29.0,0,0,9.4833,S,Third,man,True,,Southampton,no,True
715,0,2,male,52.0,0,0,13.0,S,Second,man,True,,Southampton,no,True
716,0,3,male,19.0,0,0,7.65,S,Third,man,True,F,Southampton,no,True
717,1,1,female,38.0,0,0,227.525,C,First,woman,False,C,Cherbourg,yes,True
718,1,2,female,27.0,0,0,10.5,S,Second,woman,False,E,Southampton,yes,True
719,0,3,male,,0,0,15.5,Q,Third,man,True,,Queenstown,no,True
720,0,3,male,33.0,0,0,7.775,S,Third,man,True,,Southampton,no,True
721,1,2,female,6.0,0,1,33.0,S,Second,child,False,,Southampton,yes,False
722,0,3,male,17.0,1,0,7.0542,S,Third,man,True,,Southampton,no,False
723,0,2,male,34.0,0,0,13.0,S,Second,man,True,,Southampton,no,True
724,0,2,male,50.0,0,0,13.0,S,Second,man,True,,Southampton,no,True
725,1,1,male,27.0,1,0,53.1,S,First,man,True,E,Southampton,yes,False
726,0,3,male,20.0,0,0,8.6625,S,Third,man,True,,Southampton,no,True
727,1,2,female,30.0,3,0,21.0,S,Second,woman,False,,Southampton,yes,False
728,1,3,female,,0,0,7.7375,Q,Third,woman,False,,Queenstown,yes,True
729,0,2,male,25.0,1,0,26.0,S,Second,man,True,,Southampton,no,False
730,0,3,female,25.0,1,0,7.925,S,Third,woman,False,,Southampton,no,False
731,1,1,female,29.0,0,0,211.3375,S,First,woman,False,B,Southampton,yes,True
732,0,3,male,11.0,0,0,18.7875,C,Third,child,False,,Cherbourg,no,True
733,0,2,male,,0,0,0.0,S,Second,man,True,,Southampton,no,True
734,0,2,male,23.0,0,0,13.0,S,Second,man,True,,Southampton,no,True
735,0,2,male,23.0,0,0,13.0,S,Second,man,True,,Southampton,no,True
736,0,3,male,28.5,0,0,16.1,S,Third,man,True,,Southampton,no,True
737,0,3,female,48.0,1,3,34.375,S,Third,woman,False,,Southampton,no,False
738,1,1,male,35.0,0,0,512.3292,C,First,man,True,B,Cherbourg,yes,True
739,0,3,male,,0,0,7.8958,S,Third,man,True,,Southampton,no,True
740,0,3,male,,0,0,7.8958,S,Third,man,True,,Southampton,no,True
741,1,1,male,,0,0,30.0,S,First,man,True,D,Southampton,yes,True
742,0,1,male,36.0,1,0,78.85,S,First,man,True,C,Southampton,no,False
743,1,1,female,21.0,2,2,262.375,C,First,woman,False,B,Cherbourg,yes,False
744,0,3,male,24.0,1,0,16.1,S,Third,man,True,,Southampton,no,False
745,1,3,male,31.0,0,0,7.925,S,Third,man,True,,Southampton,yes,True
746,0,1,male,70.0,1,1,71.0,S,First,man,True,B,Southampton,no,False
747,0,3,male,16.0,1,1,20.25,S,Third,man,True,,Southampton,no,False
748,1,2,female,30.0,0,0,13.0,S,Second,woman,False,,Southampton,yes,True
749,0,1,male,19.0,1,0,53.1,S,First,man,True,D,Southampton,no,False
750,0,3,male,31.0,0,0,7.75,Q,Third,man,True,,Queenstown,no,True
751,1,2,female,4.0,1,1,23.0,S,Second,child,False,,Southampton,yes,False
752,1,3,male,6.0,0,1,12.475,S,Third,child,False,E,Southampton,yes,False
753,0,3,male,33.0,0,0,9.5,S,Third,man,True,,Southampton,no,True
754,0,3,male,23.0,0,0,7.8958,S,Third,man,True,,Southampton,no,True
755,1,2,female,48.0,1,2,65.0,S,Second,woman,False,,Southampton,yes,False
756,1,2,male,0.67,1,1,14.5,S,Second,child,False,,Southampton,yes,False
757,0,3,male,28.0,0,0,7.7958,S,Third,man,True,,Southampton,no,True
758,0,2,male,18.0,0,0,11.5,S,Second,man,True,,Southampton,no,True
759,0,3,male,34.0,0,0,8.05,S,Third,man,True,,Southampton,no,True
760,1,1,female,33.0,0,0,86.5,S,First,woman,False,B,Southampton,yes,True
761,0,3,male,,0,0,14.5,S,Third,man,True,,Southampton,no,True
762,0,3,male,41.0,0,0,7.125,S,Third,man,True,,Southampton,no,True
763,1,3,male,20.0,0,0,7.2292,C,Third,man,True,,Cherbourg,yes,True
764,1,1,female,36.0,1,2,120.0,S,First,woman,False,B,Southampton,yes,False
765,0,3,male,16.0,0,0,7.775,S,Third,man,True,,Southampton,no,True
766,1,1,female,51.0,1,0,77.9583,S,First,woman,False,D,Southampton,yes,False
767,0,1,male,,0,0,39.6,C,First,man,True,,Cherbourg,no,True
768,0,3,female,30.5,0,0,7.75,Q,Third,woman,False,,Queenstown,no,True
769,0,3,male,,1,0,24.15,Q,Third,man,True,,Queenstown,no,False
770,0,3,male,32.0,0,0,8.3625,S,Third,man,True,,Southampton,no,True
771,0,3,male,24.0,0,0,9.5,S,Third,man,True,,Southampton,no,True
772,0,3,male,48.0,0,0,7.8542,S,Third,man,True,,Southampton,no,True
773,0,2,female,57.0,0,0,10.5,S,Second,woman,False,E,Southampton,no,True
774,0,3,male,,0,0,7.225,C,Third,man,True,,Cherbourg,no,True
775,1,2,female,54.0,1,3,23.0,S,Second,woman,False,,Southampton,yes,False
776,0,3,male,18.0,0,0,7.75,S,Third,man,True,,Southampton,no,True
777,0,3,male,,0,0,7.75,Q,Third,man,True,F,Queenstown,no,True
778,1,3,female,5.0,0,0,12.475,S,Third,child,False,,Southampton,yes,True
779,0,3,male,,0,0,7.7375,Q,Third,man,True,,Queenstown,no,True
780,1,1,female,43.0,0,1,211.3375,S,First,woman,False,B,Southampton,yes,False
781,1,3,female,13.0,0,0,7.2292,C,Third,child,False,,Cherbourg,yes,True
782,1,1,female,17.0,1,0,57.0,S,First,woman,False,B,Southampton,yes,False
783,0,1,male,29.0,0,0,30.0,S,First,man,True,D,Southampton,no,True
784,0,3,male,,1,2,23.45,S,Third,man,True,,Southampton,no,False
785,0,3,male,25.0,0,0,7.05,S,Third,man,True,,Southampton,no,True
786,0,3,male,25.0,0,0,7.25,S,Third,man,True,,Southampton,no,True
787,1,3,female,18.0,0,0,7.4958,S,Third,woman,False,,Southampton,yes,True
788,0,3,male,8.0,4,1,29.125,Q,Third,child,False,,Queenstown,no,False
789,1,3,male,1.0,1,2,20.575,S,Third,child,False,,Southampton,yes,False
790,0,1,male,46.0,0,0,79.2,C,First,man,True,B,Cherbourg,no,True
791,0,3,male,,0,0,7.75,Q,Third,man,True,,Queenstown,no,True
792,0,2,male,16.0,0,0,26.0,S,Second,man,True,,Southampton,no,True
793,0,3,female,,8,2,69.55,S,Third,woman,False,,Southampton,no,False
794,0,1,male,,0,0,30.6958,C,First,man,True,,Cherbourg,no,True
795,0,3,male,25.0,0,0,7.8958,S,Third,man,True,,Southampton,no,True
796,0,2,male,39.0,0,0,13.0,S,Second,man,True,,Southampton,no,True
797,1,1,female,49.0,0,0,25.9292,S,First,woman,False,D,Southampton,yes,True
798,1,3,female,31.0,0,0,8.6833,S,Third,woman,False,,Southampton,yes,True
799,0,3,male,30.0,0,0,7.2292,C,Third,man,True,,Cherbourg,no,True
800,0,3,female,30.0,1,1,24.15,S,Third,woman,False,,Southampton,no,False
801,0,2,male,34.0,0,0,13.0,S,Second,man,True,,Southampton,no,True
802,1,2,female,31.0,1,1,26.25,S,Second,woman,False,,Southampton,yes,False
803,1,1,male,11.0,1,2,120.0,S,First,child,False,B,Southampton,yes,False
804,1,3,male,0.42,0,1,8.5167,C,Third,child,False,,Cherbourg,yes,False
805,1,3,male,27.0,0,0,6.975,S,Third,man,True,,Southampton,yes,True
806,0,3,male,31.0,0,0,7.775,S,Third,man,True,,Southampton,no,True
807,0,1,male,39.0,0,0,0.0,S,First,man,True,A,Southampton,no,True
808,0,3,female,18.0,0,0,7.775,S,Third,woman,False,,Southampton,no,True
809,0,2,male,39.0,0,0,13.0,S,Second,man,True,,Southampton,no,True
810,1,1,female,33.0,1,0,53.1,S,First,woman,False,E,Southampton,yes,False
811,0,3,male,26.0,0,0,7.8875,S,Third,man,True,,Southampton,no,True
812,0,3,male,39.0,0,0,24.15,S,Third,man,True,,Southampton,no,True
813,0,2,male,35.0,0,0,10.5,S,Second,man,True,,Southampton,no,True
814,0,3,female,6.0,4,2,31.275,S,Third,child,False,,Southampton,no,False
815,0,3,male,30.5,0,0,8.05,S,Third,man,True,,Southampton,no,True
816,0,1,male,,0,0,0.0,S,First,man,True,B,Southampton,no,True
817,0,3,female,23.0,0,0,7.925,S,Third,woman,False,,Southampton,no,True
818,0,2,male,31.0,1,1,37.0042,C,Second,man,True,,Cherbourg,no,False
819,0,3,male,43.0,0,0,6.45,S,Third,man,True,,Southampton,no,True
820,0,3,male,10.0,3,2,27.9,S,Third,child,False,,Southampton,no,False
821,1,1,female,52.0,1,1,93.5,S,First,woman,False,B,Southampton,yes,False
822,1,3,male,27.0,0,0,8.6625,S,Third,man,True,,Southampton,yes,True
823,0,1,male,38.0,0,0,0.0,S,First,man,True,,Southampton,no,True
824,1,3,female,27.0,0,1,12.475,S,Third,woman,False,E,Southampton,yes,False
825,0,3,male,2.0,4,1,39.6875,S,Third,child,False,,Southampton,no,False
826,0,3,male,,0,0,6.95,Q,Third,man,True,,Queenstown,no,True
827,0,3,male,,0,0,56.4958,S,Third,man,True,,Southampton,no,True
828,1,2,male,1.0,0,2,37.0042,C,Second,child,False,,Cherbourg,yes,False
829,1,3,male,,0,0,7.75,Q,Third,man,True,,Queenstown,yes,True
830,1,1,female,62.0,0,0,80.0,,First,woman,False,B,,yes,True
831,1,3,female,15.0,1,0,14.4542,C,Third,child,False,,Cherbourg,yes,False
832,1,2,male,0.83,1,1,18.75,S,Second,child,False,,Southampton,yes,False
833,0,3,male,,0,0,7.2292,C,Third,man,True,,Cherbourg,no,True
834,0,3,male,23.0,0,0,7.8542,S,Third,man,True,,Southampton,no,True
835,0,3,male,18.0,0,0,8.3,S,Third,man,True,,Southampton,no,True
836,1,1,female,39.0,1,1,83.1583,C,First,woman,False,E,Cherbourg,yes,False
837,0,3,male,21.0,0,0,8.6625,S,Third,man,True,,Southampton,no,True
838,0,3,male,,0,0,8.05,S,Third,man,True,,Southampton,no,True
839,1,3,male,32.0,0,0,56.4958,S,Third,man,True,,Southampton,yes,True
840,1,1,male,,0,0,29.7,C,First,man,True,C,Cherbourg,yes,True
841,0,3,male,20.0,0,0,7.925,S,Third,man,True,,Southampton,no,True
842,0,2,male,16.0,0,0,10.5,S,Second,man,True,,Southampton,no,True
843,1,1,female,30.0,0,0,31.0,C,First,woman,False,,Cherbourg,yes,True
844,0,3,male,34.5,0,0,6.4375,C,Third,man,True,,Cherbourg,no,True
845,0,3,male,17.0,0,0,8.6625,S,Third,man,True,,Southampton,no,True
846,0,3,male,42.0,0,0,7.55,S,Third,man,True,,Southampton,no,True
847,0,3,male,,8,2,69.55,S,Third,man,True,,Southampton,no,False
848,0,3,male,35.0,0,0,7.8958,C,Third,man,True,,Cherbourg,no,True
849,0,2,male,28.0,0,1,33.0,S,Second,man,True,,Southampton,no,False
850,1,1,female,,1,0,89.1042,C,First,woman,False,C,Cherbourg,yes,False
851,0,3,male,4.0,4,2,31.275,S,Third,child,False,,Southampton,no,False
852,0,3,male,74.0,0,0,7.775,S,Third,man,True,,Southampton,no,True
853,0,3,female,9.0,1,1,15.2458,C,Third,child,False,,Cherbourg,no,False
854,1,1,female,16.0,0,1,39.4,S,First,woman,False,D,Southampton,yes,False
855,0,2,female,44.0,1,0,26.0,S,Second,woman,False,,Southampton,no,False
856,1,3,female,18.0,0,1,9.35,S,Third,woman,False,,Southampton,yes,False
857,1,1,female,45.0,1,1,164.8667,S,First,woman,False,,Southampton,yes,False
858,1,1,male,51.0,0,0,26.55,S,First,man,True,E,Southampton,yes,True
859,1,3,female,24.0,0,3,19.2583,C,Third,woman,False,,Cherbourg,yes,False
860,0,3,male,,0,0,7.2292,C,Third,man,True,,Cherbourg,no,True
861,0,3,male,41.0,2,0,14.1083,S,Third,man,True,,Southampton,no,False
862,0,2,male,21.0,1,0,11.5,S,Second,man,True,,Southampton,no,False
863,1,1,female,48.0,0,0,25.9292,S,First,woman,False,D,Southampton,yes,True
864,0,3,female,,8,2,69.55,S,Third,woman,False,,Southampton,no,False
865,0,2,male,24.0,0,0,13.0,S,Second,man,True,,Southampton,no,True
866,1,2,female,42.0,0,0,13.0,S,Second,woman,False,,Southampton,yes,True
867,1,2,female,27.0,1,0,13.8583,C,Second,woman,False,,Cherbourg,yes,False
868,0,1,male,31.0,0,0,50.4958,S,First,man,True,A,Southampton,no,True
869,0,3,male,,0,0,9.5,S,Third,man,True,,Southampton,no,True
870,1,3,male,4.0,1,1,11.1333,S,Third,child,False,,Southampton,yes,False
871,0,3,male,26.0,0,0,7.8958,S,Third,man,True,,Southampton,no,True
872,1,1,female,47.0,1,1,52.5542,S,First,woman,False,D,Southampton,yes,False
873,0,1,male,33.0,0,0,5.0,S,First,man,True,B,Southampton,no,True
874,0,3,male,47.0,0,0,9.0,S,Third,man,True,,Southampton,no,True
875,1,2,female,28.0,1,0,24.0,C,Second,woman,False,,Cherbourg,yes,False
876,1,3,female,15.0,0,0,7.225,C,Third,child,False,,Cherbourg,yes,True
877,0,3,male,20.0,0,0,9.8458,S,Third,man,True,,Southampton,no,True
878,0,3,male,19.0,0,0,7.8958,S,Third,man,True,,Southampton,no,True
879,0,3,male,,0,0,7.8958,S,Third,man,True,,Southampton,no,True
880,1,1,female,56.0,0,1,83.1583,C,First,woman,False,C,Cherbourg,yes,False
881,1,2,female,25.0,0,1,26.0,S,Second,woman,False,,Southampton,yes,False
882,0,3,male,33.0,0,0,7.8958,S,Third,man,True,,Southampton,no,True
883,0,3,female,22.0,0,0,10.5167,S,Third,woman,False,,Southampton,no,True
884,0,2,male,28.0,0,0,10.5,S,Second,man,True,,Southampton,no,True
885,0,3,male,25.0,0,0,7.05,S,Third,man,True,,Southampton,no,True
886,0,3,female,39.0,0,5,29.125,Q,Third,woman,False,,Queenstown,no,False
887,0,2,male,27.0,0,0,13.0,S,Second,man,True,,Southampton,no,True
888,1,1,female,19.0,0,0,30.0,S,First,woman,False,B,Southampton,yes,True
889,0,3,female,,1,2,23.45,S,Third,woman,False,,Southampton,no,False
890,1,1,male,26.0,0,0,30.0,C,First,man,True,C,Cherbourg,yes,True
891,0,3,male,32.0,0,0,7.75,Q,Third,man,True,,Queenstown,no,True
